word,count,rate
a,9,40.9091%
ab,5,22.7273%
123,2,9.09091%
23,2,9.09091%
c,2,9.09091%
1236,1,4.54545%
4,1,4.54545%
